{
"entries":
[

{
"doc_id": "baseball",
"body": "Baseball is considered America's pasttime sport, though that may be more of a historical term than a current one. There's a lot more excitement about football than baseball. A baseball game is somewhat of a snooze to watch, for the most part."
} ,

{
"doc_id": "basketball",
"body": "Basketball is a sport involving two teams of five players each competing to put a ball through a small circular rim 10 feet above the ground. Basketball requires players to be in top physical condition, since they spend most of the game running back and forth along a 94-foot-long floor."
} ,

{
"doc_id": "football",
"body": "No doubt the most fun sport to watch, football also manages to accrue the most injuries with the players. From concussions to blown knees, football players have short sport lives."
} ,

{
"doc_id": "soccer",
"body": "If there's one sport that dominates the world landscape, it's soccer. However, US soccer fans are few and far between. Apart from the popularity of soccer during the World Cup, most people don't even know the name of the professional soccer organization in their area."
} 

]
}



